{"cameraMode":{"drawMode":0,"name":"Shaded","section":"Shading Mode"},"sceneLighting":true,"audioPlay":false,"sceneViewState":{"m_AlwaysRefresh":false,"showFog":true,"showSkybox":true,"showFlares":true,"showImageEffects":true,"showParticleSystems":true,"showVisualEffectGraphs":true,"m_FxEnabled":true},"in2DMode":false,"pivot":{"x":13.469890594482422,"y":19.32108497619629,"z":8.595061302185059},"rotation":{"x":-0.01933276280760765,"y":-0.9007153511047363,"z":0.43211042881011965,"w":-0.04029588773846626},"size":1.6110262870788575,"orthographic":false}