{"cameraMode":{"drawMode":0,"name":"Shaded","section":"Shading Mode"},"sceneLighting":true,"audioPlay":false,"sceneViewState":{"m_AlwaysRefresh":false,"showFog":true,"showSkybox":true,"showFlares":true,"showImageEffects":true,"showParticleSystems":true,"showVisualEffectGraphs":true,"m_FxEnabled":true},"in2DMode":false,"pivot":{"x":-0.9006971716880798,"y":1.8821489810943604,"z":1.597398042678833},"rotation":{"x":-0.280002236366272,"y":0.009213247336447239,"z":-0.002687332918867469,"w":-0.9599518775939941},"size":1.6110262870788575,"orthographic":false}